,channel_id,name,ranking,userlocal-url,youtube-url
0,UC4YaOt1yT-ZeyB0OmxHgolA,キズナアイ,1,https://virtual-youtuber.userlocal.jp/user/D780B63C2DEBA9A2_fa95ae,https://www.youtube.com/channel/UC4YaOt1yT-ZeyB0OmxHgolA
1,UCbFwe3COkDrbNsbMyGNCsDg,キズナアイ(ゲーム),2,https://virtual-youtuber.userlocal.jp/user/538612673177E888_594fe8,https://www.youtube.com/channel/UCbFwe3COkDrbNsbMyGNCsDg
2,UCQYADFw7xEJ9oZSM5ZbqyBw,輝夜月(かぐやるな),3,https://virtual-youtuber.userlocal.jp/user/3636EECB49E075A1_941766,https://www.youtube.com/channel/UCQYADFw7xEJ9oZSM5ZbqyBw
3,UCMYtONm441rBogWK_xPH9HA,ミライアカリ,4,https://virtual-youtuber.userlocal.jp/user/bittranslate_295a57,https://www.youtube.com/channel/UCMYtONm441rBogWK_xPH9HA
4,UCLhUvJ_wO9hOvv_yYENu4fQ,電脳少女YouTuberシロ,5,https://virtual-youtuber.userlocal.jp/user/5C9973C694A2C341_632bad,https://www.youtube.com/channel/UCLhUvJ_wO9hOvv_yYENu4fQ
5,UCevD0wKzJFpfIkvHOiQsfLQ,猫宮ひなた,6,https://virtual-youtuber.userlocal.jp/user/89910EDFDEE71374_c89d97,https://www.youtube.com/channel/UCevD0wKzJFpfIkvHOiQsfLQ
6,UCy5lOmEQoivK5XK7QCaRKug,ヨメミ,7,https://virtual-youtuber.userlocal.jp/user/76779A79FB961C6F_09fd5f,https://www.youtube.com/channel/UCy5lOmEQoivK5XK7QCaRKug
7,UCD-miitqNY3nyukJ4Fnf4_A,月ノ美兎,8,https://virtual-youtuber.userlocal.jp/user/C898E8B881277C0F_04c1b7,https://www.youtube.com/channel/UCD-miitqNY3nyukJ4Fnf4_A
8,UCt8tmsv8kL9Nc1sxvCo9j4Q,バーチャル番組連盟,9,https://virtual-youtuber.userlocal.jp/user/7010FB17DB359783_32329c,https://www.youtube.com/channel/UCt8tmsv8kL9Nc1sxvCo9j4Q
9,UCFv2z4iM5vHrS8bZPq4fHQQ,田中ヒメ 鈴木ヒナ,10,https://virtual-youtuber.userlocal.jp/user/1A418E3295B56D96_de5097,https://www.youtube.com/channel/UCFv2z4iM5vHrS8bZPq4fHQQ
10,UC2ZVDmnoZAOdLt7kI7Uaqog,夢咲楓,11,https://virtual-youtuber.userlocal.jp/user/547E1BBCDF322065_442e07,https://www.youtube.com/channel/UC2ZVDmnoZAOdLt7kI7Uaqog
11,UCp6993wxpyDPHUpavwDFqgg,ときのそら,12,https://virtual-youtuber.userlocal.jp/user/6192AB0775AB99D8_500450,https://www.youtube.com/channel/UCp6993wxpyDPHUpavwDFqgg
12,UCyof-1Ko_jy2sOtivyTpc4Q,ハロー キティ,13,https://virtual-youtuber.userlocal.jp/user/E4DF93ED5AAC079B_013b45,https://www.youtube.com/channel/UCyof-1Ko_jy2sOtivyTpc4Q
13,UCHTnX0CSX_KObo5I9WuZ64g,YuNi,14,https://virtual-youtuber.userlocal.jp/user/10E0A22BFD47B979_880d33,https://www.youtube.com/channel/UCHTnX0CSX_KObo5I9WuZ64g
14,UCGaUWM5OQ7hU1JwbqvNBR4w,鳩羽つぐ,15,https://virtual-youtuber.userlocal.jp/user/D2FE53350AB68411_e545e7,https://www.youtube.com/channel/UCGaUWM5OQ7hU1JwbqvNBR4w
15,UC6oDys1BGgBsIC3WhG1BovQ,静凛,16,https://virtual-youtuber.userlocal.jp/user/29CEC3EFA6105249_343a05,https://www.youtube.com/channel/UC6oDys1BGgBsIC3WhG1BovQ
16,UC3Ruo_5doyu514PesWGvCAg,富士葵(ふじあおい),17,https://virtual-youtuber.userlocal.jp/user/30421103775B4424_30be23,https://www.youtube.com/channel/UC3Ruo_5doyu514PesWGvCAg
17,UCTMgd9qnUD9qKBX5oTtD6ug,バーチャルおばあちゃん(VB),18,https://virtual-youtuber.userlocal.jp/user/F095D62F71693E25_ba599e,https://www.youtube.com/channel/UCTMgd9qnUD9qKBX5oTtD6ug
18,UCARI2g7r-PHaxrIcAYsMfmA,アズマ リム(アズリム),19,https://virtual-youtuber.userlocal.jp/user/8F71E9A6780E1793_fc51eb,https://www.youtube.com/channel/UCARI2g7r-PHaxrIcAYsMfmA
19,UCw5MXcDMVg6oT69yfulq33Q,田中のおっさん,20,https://virtual-youtuber.userlocal.jp/user/C9B8A0E88DD2A65B_b5769e,https://www.youtube.com/channel/UCw5MXcDMVg6oT69yfulq33Q
20,UCsg-YqdqQ-KFF0LNk23BY4A,樋口楓,21,https://virtual-youtuber.userlocal.jp/user/52748F89D2812519_1b2da5,https://www.youtube.com/channel/UCsg-YqdqQ-KFF0LNk23BY4A
21,UCdDpQ461uxNA3odAnpuigAg,Ami Yamato(海外),22,https://virtual-youtuber.userlocal.jp/user/yamatoami_424c54,https://www.youtube.com/channel/UCdDpQ461uxNA3odAnpuigAg
22,UCfFhyViosklD4kvyO-M0BJA,かんな,23,https://virtual-youtuber.userlocal.jp/user/F1B737B7B76280F5_fd925d,https://www.youtube.com/channel/UCfFhyViosklD4kvyO-M0BJA
23,UCGcD5iUDG8xiywZeeDxye-A,織田信姫,24,https://virtual-youtuber.userlocal.jp/user/58A63B81421B069E_bf64ae,https://www.youtube.com/channel/UCGcD5iUDG8xiywZeeDxye-A
24,UCBePKUYNhoMcjBi-BRmjarQ,夏実萌恵,25,https://virtual-youtuber.userlocal.jp/user/TheOtakuMoe_6a93f1,https://www.youtube.com/channel/UCBePKUYNhoMcjBi-BRmjarQ
25,UCeAfiVvEuyICYJW-f3GnQjQ,ヤミクモケリン,26,https://virtual-youtuber.userlocal.jp/user/B601FB18723F7A5E_714bca,https://www.youtube.com/channel/UCeAfiVvEuyICYJW-f3GnQjQ
26,UCt0clH12Xk1-Ej5PXKGfdPA,物述有栖,27,https://virtual-youtuber.userlocal.jp/user/963ADB19F773B2C2_586eb8,https://www.youtube.com/channel/UCt0clH12Xk1-Ej5PXKGfdPA
27,UCAr7rLi_Wn09G-XfTA07d4g,天神子兎音(てんじんことね),28,https://virtual-youtuber.userlocal.jp/user/0EEF2E805F20612A_0de0d1,https://www.youtube.com/channel/UCAr7rLi_Wn09G-XfTA07d4g
28,UCIdEIHpS0TdkqRkHL5OkLtA,名取さな,29,https://virtual-youtuber.userlocal.jp/user/BDCB42D08D7273B3_75fb39,https://www.youtube.com/channel/UCIdEIHpS0TdkqRkHL5OkLtA
29,UCfiK42sBHraMBK6eNWtsy7A,かしこまり,30,https://virtual-youtuber.userlocal.jp/user/D4069AEC24B3F8B8_ff1185,https://www.youtube.com/channel/UCfiK42sBHraMBK6eNWtsy7A
30,UCYKP16oMX9KKPbrNgo_Kgag,エルフのえる,31,https://virtual-youtuber.userlocal.jp/user/E0DB71357A7B03D3_3403f2,https://www.youtube.com/channel/UCYKP16oMX9KKPbrNgo_Kgag
31,UCCebk1_w5oiMUTRxdNJq0sA,道明寺ここあ,32,https://virtual-youtuber.userlocal.jp/user/D758763519B04FA6_f83eb3,https://www.youtube.com/channel/UCCebk1_w5oiMUTRxdNJq0sA
32,UCwokZsOK_uEre70XayaFnzA,鈴鹿詩子,33,https://virtual-youtuber.userlocal.jp/user/9097EADDD1C6239E_223c11,https://www.youtube.com/channel/UCwokZsOK_uEre70XayaFnzA
33,UC6TyfKcsrPwBsBnx2QobVLQ,ばあちゃる,34,https://virtual-youtuber.userlocal.jp/user/0630BC7992265241_e56728,https://www.youtube.com/channel/UC6TyfKcsrPwBsBnx2QobVLQ
34,UC3iwL9Yz8LcKkJsnLPevOTQ,のらきゃっと,35,https://virtual-youtuber.userlocal.jp/user/CE7AB611E4A38C5D_a9179c,https://www.youtube.com/channel/UC3iwL9Yz8LcKkJsnLPevOTQ
35,UCDVXivWK9feX2iRBc3SFegw,薬袋カルテ(みないかるて),36,https://virtual-youtuber.userlocal.jp/user/0199BE4308A8DD1B_c825a3,https://www.youtube.com/channel/UCDVXivWK9feX2iRBc3SFegw
36,UCv1fFr156jc65EMiLbaLImw,剣持刀也,37,https://virtual-youtuber.userlocal.jp/user/4D1AA65AD04C7AE4_250a7a,https://www.youtube.com/channel/UCv1fFr156jc65EMiLbaLImw
37,UC_GCs6GARLxEHxy1w40d6VQ,家長むぎ,38,https://virtual-youtuber.userlocal.jp/user/B63765374AAABE30_c8bcbd,https://www.youtube.com/channel/UC_GCs6GARLxEHxy1w40d6VQ
38,UCvmppcdYf4HOv-tFQhHHJMA,モイラ,39,https://virtual-youtuber.userlocal.jp/user/271874340BD8D1A5_6d4ac7,https://www.youtube.com/channel/UCvmppcdYf4HOv-tFQhHHJMA
39,UCNjTjd2-PMC8Oo_-dCEss7A,おめがレイ おめがリオ,40,https://virtual-youtuber.userlocal.jp/user/7E2EF1F9851D19EE_4ede77,https://www.youtube.com/channel/UCNjTjd2-PMC8Oo_-dCEss7A
40,UC_zztIHGbBz9L-ZM-Ta2O1Q,藤崎由愛(YUA),41,https://virtual-youtuber.userlocal.jp/user/5B126AA26786B50C_d5ffbb,https://www.youtube.com/channel/UC_zztIHGbBz9L-ZM-Ta2O1Q
41,UCIqbU97D5CrknKaNik10A-A,ハッカドール,42,https://virtual-youtuber.userlocal.jp/user/0EB609E68F52A901_fc8aad,https://www.youtube.com/channel/UCIqbU97D5CrknKaNik10A-A
42,UCmgWMQkenFc72QnYkdxdoKA,ピーナッツくん,43,https://virtual-youtuber.userlocal.jp/user/EBC145165AD156A2_9d975d,https://www.youtube.com/channel/UCmgWMQkenFc72QnYkdxdoKA
43,UCz6Gi81kE6p5cdW1rT0ixqw,もこ田めめめ,44,https://virtual-youtuber.userlocal.jp/user/671D924EC63F51F9_e0f369,https://www.youtube.com/channel/UCz6Gi81kE6p5cdW1rT0ixqw
44,UCXzcu59Cbu-hkpNNXnNiKDg,マスター TV,45,https://virtual-youtuber.userlocal.jp/user/sihuto100_1e2b72,https://www.youtube.com/channel/UCXzcu59Cbu-hkpNNXnNiKDg
45,UCdn5BQ06XqgXoAxIhbqw5Rg,白上フブキ,46,https://virtual-youtuber.userlocal.jp/user/F5E89D62D0351960_af58bc,https://www.youtube.com/channel/UCdn5BQ06XqgXoAxIhbqw5Rg
46,UCiGcHHHT3kBB1IGOrv7f3qQ,金剛いろは,47,https://virtual-youtuber.userlocal.jp/user/1DBC5193FCBBB92D_fd173a,https://www.youtube.com/channel/UCiGcHHHT3kBB1IGOrv7f3qQ
47,UCLO9QDxVL4bnvRRsz6K4bsQ,勇気ちひろ,48,https://virtual-youtuber.userlocal.jp/user/BE304744A7096044_8819c0,https://www.youtube.com/channel/UCLO9QDxVL4bnvRRsz6K4bsQ
48,UCg8TPE5nLLOqlNnBivmQwww,キミノ ミヤ(MIYA KIMINO),49,https://virtual-youtuber.userlocal.jp/user/C870D1E8A0379754_58fe16,https://www.youtube.com/channel/UCg8TPE5nLLOqlNnBivmQwww
49,UCyZoDBhW8cLrzZ-dqKdQqEg,マヤ・プトゥリ,50,https://virtual-youtuber.userlocal.jp/user/2A55B78115DB6F05_9d79ea,https://www.youtube.com/channel/UCyZoDBhW8cLrzZ-dqKdQqEg
50,UCmUjjW5zF1MMOhYUwwwQv9Q,宇志海いちご,51,https://virtual-youtuber.userlocal.jp/user/CBFAC77ECF2C6C40_7f791b,https://www.youtube.com/channel/UCmUjjW5zF1MMOhYUwwwQv9Q
51,UC1EB8moGYdkoZQfWHjh7Ivw,甲賀流忍者 ぽんぽこ,52,https://virtual-youtuber.userlocal.jp/user/D5FBC54C95BC6B05_a0c945,https://www.youtube.com/channel/UC1EB8moGYdkoZQfWHjh7Ivw
52,UCzrw4K7D9Ti3FP8WMTVPImg,ウェザーロイドAiri,53,https://virtual-youtuber.userlocal.jp/user/0B1BD65AB3111B22_777a96,https://www.youtube.com/channel/UCzrw4K7D9Ti3FP8WMTVPImg
53,UC5nfcGkOAm3JwfPvJvzplHg,北上双葉,54,https://virtual-youtuber.userlocal.jp/user/1BE65EF40BDE9CE6_3f27c0,https://www.youtube.com/channel/UC5nfcGkOAm3JwfPvJvzplHg
54,UCSgheR9xOIcQjlkeXqIofLQ,ディープウェブ・アンダーグラウンド,55,https://virtual-youtuber.userlocal.jp/user/2B7BAB6362692610_eea51e,https://www.youtube.com/channel/UCSgheR9xOIcQjlkeXqIofLQ
55,UC1zFJrfEKvCixhsjNSb1toQ,シスター・クレア,56,https://virtual-youtuber.userlocal.jp/user/1B7358C220332787_6a0fe3,https://www.youtube.com/channel/UC1zFJrfEKvCixhsjNSb1toQ
56,UC0g1AE0DOjBYnLhkgoRWN1w,本間ひまわり,57,https://virtual-youtuber.userlocal.jp/user/EC502FA8A2F56328_2c62d1,https://www.youtube.com/channel/UC0g1AE0DOjBYnLhkgoRWN1w
57,UCtpB6Bvhs1Um93ziEDACQ8g,森中花咲,58,https://virtual-youtuber.userlocal.jp/user/98AEAAC18AD51B8D_14cffb,https://www.youtube.com/channel/UCtpB6Bvhs1Um93ziEDACQ8g
58,UCcEXdLbhQtqzxT6wc0ye2ag,叶(かなえ),59,https://virtual-youtuber.userlocal.jp/user/F767E03F65289219_3d763f,https://www.youtube.com/channel/UCcEXdLbhQtqzxT6wc0ye2ag
59,UCXLqxLD5qCsWC1iEdE-rsWg,イヴ・ヴァルレーヌ,60,https://virtual-youtuber.userlocal.jp/user/E3FAFD2D8BE2BEED_95e8f1,https://www.youtube.com/channel/UCXLqxLD5qCsWC1iEdE-rsWg
60,UCKg3SYrZl5zskG5fkexUPCQ,セア(海外),61,https://virtual-youtuber.userlocal.jp/user/607132A6F13B3BBD_6763a6,https://www.youtube.com/channel/UCKg3SYrZl5zskG5fkexUPCQ
61,UCxMai3WANwU2ye8vBZ833MA,にじさんじ,62,https://virtual-youtuber.userlocal.jp/user/FD024E6AA3302E34_98aebe,https://www.youtube.com/channel/UCxMai3WANwU2ye8vBZ833MA
62,UCOefINa2_BmpuX4BbHjdk9A,夜桜たま,63,https://virtual-youtuber.userlocal.jp/user/22A3D45804D5AC20_ce216d,https://www.youtube.com/channel/UCOefINa2_BmpuX4BbHjdk9A
63,UCDqI2jOz0weumE8s7paEk6g,ロボ子さん,64,https://virtual-youtuber.userlocal.jp/user/7D3DC00F90D5BD0E_3fb678,https://www.youtube.com/channel/UCDqI2jOz0weumE8s7paEk6g
64,UCt9qik4Z-_J-rj3bKKQCeHg,鈴谷アキ,65,https://virtual-youtuber.userlocal.jp/user/84D8732C2F04F33D_f44f27,https://www.youtube.com/channel/UCt9qik4Z-_J-rj3bKKQCeHg
65,,エイレーン,66,https://virtual-youtuber.userlocal.jp/user/70240307FA89ED77_f81688,
66,UCp77Qho-YHhnklRr-DkjiOw,虹河ラキ,67,https://virtual-youtuber.userlocal.jp/user/C3AD348EF2E0B6FC_b100c4,https://www.youtube.com/channel/UCp77Qho-YHhnklRr-DkjiOw
67,UC0Owc36U9lOyi9Gx9Ic-4qg,因幡はねる,68,https://virtual-youtuber.userlocal.jp/user/150F5677BFF75876_d53bec,https://www.youtube.com/channel/UC0Owc36U9lOyi9Gx9Ic-4qg
68,UCP9ZgeIJ3Ri9En69R0kJc9Q,花京院ちえり,69,https://virtual-youtuber.userlocal.jp/user/84AF0CEC6343ABBF_95d040,https://www.youtube.com/channel/UCP9ZgeIJ3Ri9En69R0kJc9Q
69,UCfxUC1e8kStZYNNc7xQuxag,すーぱーそに子,70,https://virtual-youtuber.userlocal.jp/user/1A6B24B1B97BE8B9_30d61a,https://www.youtube.com/channel/UCfxUC1e8kStZYNNc7xQuxag
70,UCz0lin3ZsOtmr2yuTN2MDQg,ベイレーン,71,https://virtual-youtuber.userlocal.jp/user/677FF8CF0592DE31_610a92,https://www.youtube.com/channel/UCz0lin3ZsOtmr2yuTN2MDQg
71,UCeK9HFcRZoTrvqcUCtccMoQ,渋谷ハジメ,72,https://virtual-youtuber.userlocal.jp/user/2595D55AF477E061_a60166,https://www.youtube.com/channel/UCeK9HFcRZoTrvqcUCtccMoQ
72,UChT4jRjRUhFSrDT6fjzsHFw,キャサリン・ワード,73,https://virtual-youtuber.userlocal.jp/user/454939A2618AACF0_e7e26d,https://www.youtube.com/channel/UChT4jRjRUhFSrDT6fjzsHFw
73,UCoztvTULBYd3WmStqYeoHcA,笹木咲,74,https://virtual-youtuber.userlocal.jp/user/27CD294B8B4194A7_5f91ca,https://www.youtube.com/channel/UCoztvTULBYd3WmStqYeoHcA
74,UCxlo_L4h2ZyG8f5w6PC4OuQ,乾伸一郎(忍者),75,https://virtual-youtuber.userlocal.jp/user/29DB14B070A12855_c0204c,https://www.youtube.com/channel/UCxlo_L4h2ZyG8f5w6PC4OuQ
75,UC2Rr7mILebYLTjd38DNNUTw,ふぇありす,76,https://virtual-youtuber.userlocal.jp/user/B23B0E66706A7483_a49b2a,https://www.youtube.com/channel/UC2Rr7mILebYLTjd38DNNUTw
76,UCWCc8tO-uUl_7SJXIKJACMw,神楽めあ,77,https://virtual-youtuber.userlocal.jp/user/969A98E929C33450_90df19,https://www.youtube.com/channel/UCWCc8tO-uUl_7SJXIKJACMw
77,UCNPu5zXzXvS6pLCCaI5SnSA,黒咲りん,78,https://virtual-youtuber.userlocal.jp/user/D747D14EA0998B08_0a8168,https://www.youtube.com/channel/UCNPu5zXzXvS6pLCCaI5SnSA
78,UCkPVMV6rbgfB7FO0IKpsNAg,吟醸姉妹/Ginjo Shimai,79,https://virtual-youtuber.userlocal.jp/user/EEC97D3C57BA91DF_b1760f,https://www.youtube.com/channel/UCkPVMV6rbgfB7FO0IKpsNAg
79,UCNt2ZN3usTdTdRV9HJvYAsQ,源元気,80,https://virtual-youtuber.userlocal.jp/user/4CDC64F45F1F8076_b06eb1,https://www.youtube.com/channel/UCNt2ZN3usTdTdRV9HJvYAsQ
80,UCBi8YaVyZpiKWN3_Z0dCTfQ,赤羽葉子,81,https://virtual-youtuber.userlocal.jp/user/33341035CCD6A910_d1a894,https://www.youtube.com/channel/UCBi8YaVyZpiKWN3_Z0dCTfQ
81,UC48jH1ul-6HOrcSSfoR02fQ,夕陽リリ,82,https://virtual-youtuber.userlocal.jp/user/F88FA2AA92DFFCF5_0725b9,https://www.youtube.com/channel/UC48jH1ul-6HOrcSSfoR02fQ
82,UC3czs41x7HD5-nk_cZ-Eo3g,地球ちゃん(海外),83,https://virtual-youtuber.userlocal.jp/user/DA55A8C9AB46FA89_85b2cc,https://www.youtube.com/channel/UC3czs41x7HD5-nk_cZ-Eo3g
83,UCMzxQ58QL4NNbWghGymtHvw,カルロ・ピノ,84,https://virtual-youtuber.userlocal.jp/user/DEC0B22F3DCB3A0D_4178d2,https://www.youtube.com/channel/UCMzxQ58QL4NNbWghGymtHvw
84,UCeLzT-7b2PBcunJplmWtoDg,周防パトラ,85,https://virtual-youtuber.userlocal.jp/user/B9AAA4CDADC9FFB9_e9b281,https://www.youtube.com/channel/UCeLzT-7b2PBcunJplmWtoDg
85,UChUJbHiTVeGrSkTdBzVfNCQ,ジョー・力一,86,https://virtual-youtuber.userlocal.jp/user/66743DB501664DC7_e6fb2b,https://www.youtube.com/channel/UChUJbHiTVeGrSkTdBzVfNCQ
86,UCBiqkFJljoxAj10SoP2w2Cg,文野環,87,https://virtual-youtuber.userlocal.jp/user/DB8440B179FA2FC6_c35bce,https://www.youtube.com/channel/UCBiqkFJljoxAj10SoP2w2Cg
87,UCPf-EnX70UM7jqjKwhDmS8g,マグロナ,88,https://virtual-youtuber.userlocal.jp/user/CC526E264951B3E7_577fbf,https://www.youtube.com/channel/UCPf-EnX70UM7jqjKwhDmS8g
88,UCPvGypSgfDkVe7JG2KygK7A,竜胆尊(りんどうみこと),89,https://virtual-youtuber.userlocal.jp/user/D8261240C6B7245E_3a71f2,https://www.youtube.com/channel/UCPvGypSgfDkVe7JG2KygK7A
89,UCXU7YYxy_iQd3ulXyO-zC2w,伏見ガク,90,https://virtual-youtuber.userlocal.jp/user/7C2301829A56D838_66ae2b,https://www.youtube.com/channel/UCXU7YYxy_iQd3ulXyO-zC2w
90,UCksFV3h5Jm5BWNCN4BBej2A,かめっち,91,https://virtual-youtuber.userlocal.jp/user/F7190B2B63A7A9EE_96a5dc,https://www.youtube.com/channel/UCksFV3h5Jm5BWNCN4BBej2A
91,UCMaXopOC-gQ_NFTkq7esf4w,万楽えね(まぐら えね),92,https://virtual-youtuber.userlocal.jp/user/F29C549A8BB3AEDE_fd6557,https://www.youtube.com/channel/UCMaXopOC-gQ_NFTkq7esf4w
92,UC53UDnhAAYwvNO7j_2Ju1cQ,ドーラ,93,https://virtual-youtuber.userlocal.jp/user/9B941219548225FE_b68092,https://www.youtube.com/channel/UC53UDnhAAYwvNO7j_2Ju1cQ
93,UC2hA-6M66dE2Tt_4xM8K9wQ,バーチャルゴリラ,94,https://virtual-youtuber.userlocal.jp/user/C725FE5FDF7C7B3A_66599f,https://www.youtube.com/channel/UC2hA-6M66dE2Tt_4xM8K9wQ
94,UCt5-0i4AVHXaWJrL8Wql3mw,緑仙(リューシェン),95,https://virtual-youtuber.userlocal.jp/user/F65B86BA445754D1_9a3941,https://www.youtube.com/channel/UCt5-0i4AVHXaWJrL8Wql3mw
95,UC02LBsjt_Ehe7k0CuiNC6RQ,猫乃木もち,96,https://virtual-youtuber.userlocal.jp/user/493C58114DF1FAE5_500eff,https://www.youtube.com/channel/UC02LBsjt_Ehe7k0CuiNC6RQ
96,UCUZ5AlC3rTlM-rA2cj5RP6w,神楽すず,97,https://virtual-youtuber.userlocal.jp/user/EF5B59928A249B31_d9b7f5,https://www.youtube.com/channel/UCUZ5AlC3rTlM-rA2cj5RP6w
97,UC1519-d1jzGiL1MPTxEdtSA,八重沢なとり,98,https://virtual-youtuber.userlocal.jp/user/ECC14D7B5AFE3909_2629ee,https://www.youtube.com/channel/UC1519-d1jzGiL1MPTxEdtSA
98,UCqeY0fp1IBDJW58HwZBh1Lw,冒志乃らむ,99,https://virtual-youtuber.userlocal.jp/user/B1F9C1DC5D18CB20_c64e9f,https://www.youtube.com/channel/UCqeY0fp1IBDJW58HwZBh1Lw
99,UCZ1WJDkMNiZ_QwHnNrVf7Pw,もちひよこ,100,https://virtual-youtuber.userlocal.jp/user/137F5330C15E09A3_a04851,https://www.youtube.com/channel/UCZ1WJDkMNiZ_QwHnNrVf7Pw
100,UCNUgrFCo2Hr_VXc9bEwjcHQ,闇夜乃モルル,101,https://virtual-youtuber.userlocal.jp/user/96C628675D264BF7_25f023,https://www.youtube.com/channel/UCNUgrFCo2Hr_VXc9bEwjcHQ
101,UCyb-cllCkMREr9de-hoiDrg,ヤマト・イオリ,102,https://virtual-youtuber.userlocal.jp/user/0DBEE093D8E2D16E_983a4b,https://www.youtube.com/channel/UCyb-cllCkMREr9de-hoiDrg
102,UC9UzocR-pBvUx7P9owdlqJw,天川アルト,103,https://virtual-youtuber.userlocal.jp/user/FA66FFDE416EEAA8_e64357,https://www.youtube.com/channel/UC9UzocR-pBvUx7P9owdlqJw
103,UCiVRnULJjc8o-j_lG5BAzKw,カフェ野ゾンビ子,104,https://virtual-youtuber.userlocal.jp/user/677C2045D48E0569_177208,https://www.youtube.com/channel/UCiVRnULJjc8o-j_lG5BAzKw
104,UC_4tXjqecqox5Uc05ncxpxg,椎名唯華,105,https://virtual-youtuber.userlocal.jp/user/0068D2EDC5974750_15cbb8,https://www.youtube.com/channel/UC_4tXjqecqox5Uc05ncxpxg
105,UCwndlbPCkOTT9u03CKH9Kew,白真くま,106,https://virtual-youtuber.userlocal.jp/user/98D8CDA753682405_f78b45,https://www.youtube.com/channel/UCwndlbPCkOTT9u03CKH9Kew
106,UCNwo7eikmX5HPs7NedWVBgw,響木アオ,107,https://virtual-youtuber.userlocal.jp/user/BB8825FCE6494B06_5a938b,https://www.youtube.com/channel/UCNwo7eikmX5HPs7NedWVBgw
107,UCAWxPGGuIfWME2KTLUmSCHw,ゴールドシップ(ゴルシ),108,https://virtual-youtuber.userlocal.jp/user/6866668640D50538_f5d5eb,https://www.youtube.com/channel/UCAWxPGGuIfWME2KTLUmSCHw
108,UCNA0XC_zxS63d4Q-JMIMyug,東雲めぐ,109,https://virtual-youtuber.userlocal.jp/user/1F69F75854B94004_9145d1,https://www.youtube.com/channel/UCNA0XC_zxS63d4Q-JMIMyug
109,UC5pQ407lVd4Rf0Y6GilXdwg,夕闇ルキア,110,https://virtual-youtuber.userlocal.jp/user/EAC5332425297219_0dc7e9,https://www.youtube.com/channel/UC5pQ407lVd4Rf0Y6GilXdwg
110,UCKUcnaLsG2DeQqza8zRXHiA,牛巻りこ,111,https://virtual-youtuber.userlocal.jp/user/CF726E9916D040F5_9c6d64,https://www.youtube.com/channel/UCKUcnaLsG2DeQqza8zRXHiA
111,UCmNjDc-wW_nqs4WzEHKyJnw,ヤマダ,112,https://virtual-youtuber.userlocal.jp/user/9D2C98699E816D4F_651fec,https://www.youtube.com/channel/UCmNjDc-wW_nqs4WzEHKyJnw
112,UCk0dNVAdlgn4ynURwAq_z2A,届木ウカ,113,https://virtual-youtuber.userlocal.jp/user/FB077542C6594DD0_d3063c,https://www.youtube.com/channel/UCk0dNVAdlgn4ynURwAq_z2A
113,UCFJmvu4Dho2ji_CZtUcvrJw,麗子ちゃんねる,114,https://virtual-youtuber.userlocal.jp/user/31387F377280D434_9170d1,https://www.youtube.com/channel/UCFJmvu4Dho2ji_CZtUcvrJw
114,UCUzJ90o1EjqUbk2pBAy0_aw,ギルザレンIII世,115,https://virtual-youtuber.userlocal.jp/user/E9511D5F50DD75DE_50987e,https://www.youtube.com/channel/UCUzJ90o1EjqUbk2pBAy0_aw
115,UCwRKt_raV3N5KZgxcFyC1vw,燦鳥ノム(さんとりのむ),116,https://virtual-youtuber.userlocal.jp/user/934D20F5DE697A82_d2aca4,https://www.youtube.com/channel/UCwRKt_raV3N5KZgxcFyC1vw
116,UCfM_A7lE6LkGrzx6_mOtI4g,雪汝(セツナ),117,https://virtual-youtuber.userlocal.jp/user/31723F8BCF8C3F4D_ccec6c,https://www.youtube.com/channel/UCfM_A7lE6LkGrzx6_mOtI4g
117,UC16P6nSFhimmcjQKrdOx2IQ,瀬兎一也/Setoya,118,https://virtual-youtuber.userlocal.jp/user/0A8AFB5DC001BC9A_86fa37,https://www.youtube.com/channel/UC16P6nSFhimmcjQKrdOx2IQ
118,UCmM5LprTu6-mSlIiRNkiXYg,木曽あずき,119,https://virtual-youtuber.userlocal.jp/user/5BE0EBCDEF357B74_1b9b9c,https://www.youtube.com/channel/UCmM5LprTu6-mSlIiRNkiXYg
119,UCtnWqAC7UxKlKSo2GSvxBJw,大河ユウ,120,https://virtual-youtuber.userlocal.jp/user/F6510D4B8EA5BAA2_ec1608,https://www.youtube.com/channel/UCtnWqAC7UxKlKSo2GSvxBJw
120,UCCRZH38F6BkexM6edXkwG8g,御来屋久遠,121,https://virtual-youtuber.userlocal.jp/user/2FFEABD834B5BDB0_cab396,https://www.youtube.com/channel/UCCRZH38F6BkexM6edXkwG8g
121,UCI-xaXiiRD_2l8qxQRIpeEw,華香院つばき,122,https://virtual-youtuber.userlocal.jp/user/2FEB9A06E7ED3D25_d0d329,https://www.youtube.com/channel/UCI-xaXiiRD_2l8qxQRIpeEw
122,UCSFCh5NL4qXrAy9u-u2lX3g,葛葉,123,https://virtual-youtuber.userlocal.jp/user/DC974C92F15ECEA8_929a0b,https://www.youtube.com/channel/UCSFCh5NL4qXrAy9u-u2lX3g
123,UChqYnJlFxlBi6DfRz6jRenQ,宇森ひなこ,124,https://virtual-youtuber.userlocal.jp/user/D3C23659C76E8D81_d8b095,https://www.youtube.com/channel/UChqYnJlFxlBi6DfRz6jRenQ
124,UCPljC4d-GgdFgVqtoCZ3m_w,ぽてち,125,https://virtual-youtuber.userlocal.jp/user/0E2A7C28EBEF06E0_890c7f,https://www.youtube.com/channel/UCPljC4d-GgdFgVqtoCZ3m_w
125,UCqEp6RdtsMbUNrCdCswr6pA,海夜叉神,126,https://virtual-youtuber.userlocal.jp/user/062A12F6B272DE85_c8f554,https://www.youtube.com/channel/UCqEp6RdtsMbUNrCdCswr6pA
126,UCwalpGCurSDqwSpkAR4h6LA,藤間桜,127,https://virtual-youtuber.userlocal.jp/user/C593BA45B480101F_4fbc24,https://www.youtube.com/channel/UCwalpGCurSDqwSpkAR4h6LA
127,UCwuS0uY-Z2Gr_5OV2oFybFA,リタ,128,https://virtual-youtuber.userlocal.jp/user/E8DA33A51C0144E0_04df30,https://www.youtube.com/channel/UCwuS0uY-Z2Gr_5OV2oFybFA
128,UCXVRtY-OIT7VCjzhLGOwzoA,Yumi,129,https://virtual-youtuber.userlocal.jp/user/D6ED2F8065B6FEED_0210b7,https://www.youtube.com/channel/UCXVRtY-OIT7VCjzhLGOwzoA
129,UC3UKMRQmBcjXWu66cvxcngA,蒼月エリ,130,https://virtual-youtuber.userlocal.jp/user/3AC5780067677EBE_af8712,https://www.youtube.com/channel/UC3UKMRQmBcjXWu66cvxcngA
130,UCPH7d3YxfeH56FG-UyPAB1g,あっくん大魔王,131,https://virtual-youtuber.userlocal.jp/user/ABDA958B2B20CF46_e9c9a8,https://www.youtube.com/channel/UCPH7d3YxfeH56FG-UyPAB1g
131,UC7IZJI6cjoFnF3YGuKfieBg,緋色すもも,132,https://virtual-youtuber.userlocal.jp/user/2724B8A11ED54B89_7a3db2,https://www.youtube.com/channel/UC7IZJI6cjoFnF3YGuKfieBg
132,UCRMpIxnySp7Fy5SbZ8dBv2w,リズ,133,https://virtual-youtuber.userlocal.jp/user/B19A3AF4D52F20C4_b8e5ef,https://www.youtube.com/channel/UCRMpIxnySp7Fy5SbZ8dBv2w
133,UCc5BawFmb7aNHck7HFtSKvw,日雇礼子,134,https://virtual-youtuber.userlocal.jp/user/DE36CB490B6993EE_290f91,https://www.youtube.com/channel/UCc5BawFmb7aNHck7HFtSKvw
134,UCwePpiw1ocZRSNSkpKvVISw,西園寺メアリ,135,https://virtual-youtuber.userlocal.jp/user/44CCC1B18ADC5782_aa27ee,https://www.youtube.com/channel/UCwePpiw1ocZRSNSkpKvVISw
135,UCl-3q6t6zdZwgIsFZELb7Zg,しらゆりヘブンちゃんねる,136,https://virtual-youtuber.userlocal.jp/user/BDB0CE77CAA97370_4a4cf2,https://www.youtube.com/channel/UCl-3q6t6zdZwgIsFZELb7Zg
136,UCcfEPfRcoJrBDmz_E3wHJuA,眠未ねる,137,https://virtual-youtuber.userlocal.jp/user/B160AFB001C0F944_c27185,https://www.youtube.com/channel/UCcfEPfRcoJrBDmz_E3wHJuA
137,UCSv-TsF2gkYAMr6p29Os7Hg,ンヌグム,138,https://virtual-youtuber.userlocal.jp/user/D65BA36100FACF60_f2bdb1,https://www.youtube.com/channel/UCSv-TsF2gkYAMr6p29Os7Hg
138,,シロ(ゲーム),139,https://virtual-youtuber.userlocal.jp/user/92DD9BB428725A69_e6cdc5,
139,UCLaGi3DhbdSML4QE-7dI0LQ,メイドのユキさん 調教少女,140,https://virtual-youtuber.userlocal.jp/user/D7AD70A144D5500A_acd119,https://www.youtube.com/channel/UCLaGi3DhbdSML4QE-7dI0LQ
140,UCfF_5NnmiX9MALwrIxCu2ow,のなか三崎,141,https://virtual-youtuber.userlocal.jp/user/B2079A8B66C13440_82cd91,https://www.youtube.com/channel/UCfF_5NnmiX9MALwrIxCu2ow
141,UCL-2thbJ7grC9fmGF4OLuTg,鴨見カモミ,142,https://virtual-youtuber.userlocal.jp/user/694EAE061F81A576_8a7e82,https://www.youtube.com/channel/UCL-2thbJ7grC9fmGF4OLuTg
142,UC7-N7MvN5muVIHqyQx9LFbA,歌衣メイカ,143,https://virtual-youtuber.userlocal.jp/user/1B5FBC5C46211FE0_dca758,https://www.youtube.com/channel/UC7-N7MvN5muVIHqyQx9LFbA
143,UCc04WdXUKAMY_Sh3Y7B0Vxg,TEN,144,https://virtual-youtuber.userlocal.jp/user/93194F9948C0431B_1dc450,https://www.youtube.com/channel/UCc04WdXUKAMY_Sh3Y7B0Vxg
144,UCFI81W9F49a7GvimKF905eQ,鈴木あんず 白藤環(あんたま) えのぐ,145,https://virtual-youtuber.userlocal.jp/user/58D21445E020365C_543864,https://www.youtube.com/channel/UCFI81W9F49a7GvimKF905eQ
145,UCZYyhgoV314CM14zBD6vd4A,天開司,146,https://virtual-youtuber.userlocal.jp/user/93B92FF5BB756BB4_b2b0a0,https://www.youtube.com/channel/UCZYyhgoV314CM14zBD6vd4A
146,UCynHwUYnx8V0NJ9_pU-aAsA,さはな,147,https://virtual-youtuber.userlocal.jp/user/114BA3326FE62E40_f00eb9,https://www.youtube.com/channel/UCynHwUYnx8V0NJ9_pU-aAsA
147,UC4OeUf_KfYRrwksschtRYow,花鋏キョウ,148,https://virtual-youtuber.userlocal.jp/user/15B2A757B57F2768_9abbd7,https://www.youtube.com/channel/UC4OeUf_KfYRrwksschtRYow
148,UCauHhuwzd76y2MtZW78mfRw,バーチャルネットアイドルちゆ12歳,149,https://virtual-youtuber.userlocal.jp/user/4FD56D0985A3D91C_e63e30,https://www.youtube.com/channel/UCauHhuwzd76y2MtZW78mfRw
149,UCwXOUuxUxCJ1yD0JfogUvMg,ユキミお姉ちゃん,150,https://virtual-youtuber.userlocal.jp/user/27D8F4BB8EC348CF_131d3b,https://www.youtube.com/channel/UCwXOUuxUxCJ1yD0JfogUvMg
150,UCV5ZZlLjk5MKGg3L0n0vbzw,鷹宮リオン,151,https://virtual-youtuber.userlocal.jp/user/8BF8FB5C0278D281_9a3745,https://www.youtube.com/channel/UCV5ZZlLjk5MKGg3L0n0vbzw
151,UCsFn_ueskBkMCEyzCEqAOvg,花畑チャイカ,152,https://virtual-youtuber.userlocal.jp/user/629917D4A1F3EC57_62c7bc,https://www.youtube.com/channel/UCsFn_ueskBkMCEyzCEqAOvg
152,UCCsZjHDiCgvlZ8VyCQMEYuQ,ニーツ（VT-212）,153,https://virtual-youtuber.userlocal.jp/user/78F6FD4F3ABDE822_870dc5,https://www.youtube.com/channel/UCCsZjHDiCgvlZ8VyCQMEYuQ
153,UC3lNFeJiTq6L3UWoz4g1e-A,卯月コウ,154,https://virtual-youtuber.userlocal.jp/user/F24B0CAB1547B384_9c19f6,https://www.youtube.com/channel/UC3lNFeJiTq6L3UWoz4g1e-A
154,UCZx7wgGNs2UFyRRtLoNur9Q,小山内めい,155,https://virtual-youtuber.userlocal.jp/user/C78D8CC263DD6CF7_b514a6,https://www.youtube.com/channel/UCZx7wgGNs2UFyRRtLoNur9Q
155,UCHccxX2p_9DB_HPnXSb2omw,春日部つくし,156,https://virtual-youtuber.userlocal.jp/user/60AAE54C5ED1062A_90a080,https://www.youtube.com/channel/UCHccxX2p_9DB_HPnXSb2omw
156,UCz8GBZ8wPWchdD6IVuxkKRg,すあだちゃんねる,157,https://virtual-youtuber.userlocal.jp/user/suadachannel_234c99,https://www.youtube.com/channel/UCz8GBZ8wPWchdD6IVuxkKRg
157,UCKgndddKiQGIn0-T8jHzndg,アメノセイ,158,https://virtual-youtuber.userlocal.jp/user/042589ABE9CAB07D_438faa,https://www.youtube.com/channel/UCKgndddKiQGIn0-T8jHzndg
158,UC1CfXB_kRs3C-zaeTG3oGyg,赤井はあと,159,https://virtual-youtuber.userlocal.jp/user/CA19193F25B94381_a17d19,https://www.youtube.com/channel/UC1CfXB_kRs3C-zaeTG3oGyg
159,UCth5j6WaPTf9osdNrdz92PA,そよかぜアメ,160,https://virtual-youtuber.userlocal.jp/user/AD99A179DFAB1401_249300,https://www.youtube.com/channel/UCth5j6WaPTf9osdNrdz92PA
160,UChu8Yu_w9z8DGFtXzuGvDlg,邪神ちゃんねる,161,https://virtual-youtuber.userlocal.jp/user/527989AAF5FFFA92_da3d2b,https://www.youtube.com/channel/UChu8Yu_w9z8DGFtXzuGvDlg
161,UCKMYISTJAQ8xTplUPHiABlA,社築(やしろ きずく),162,https://virtual-youtuber.userlocal.jp/user/F8C731629DA22E26_2e3568,https://www.youtube.com/channel/UCKMYISTJAQ8xTplUPHiABlA
162,UCGiFzwdasSAHILrx-DB1pVQ,稲荷くろむ,163,https://virtual-youtuber.userlocal.jp/user/E403CE588BE87BE1_a2d83d,https://www.youtube.com/channel/UCGiFzwdasSAHILrx-DB1pVQ
163,UCzhwXcK9DTiY-VqYjwnjZhQ,雅まつり 雅雪巴 雅さくら 雅紅羽,164,https://virtual-youtuber.userlocal.jp/user/460A5490A7A44299_c07f75,https://www.youtube.com/channel/UCzhwXcK9DTiY-VqYjwnjZhQ
164,UCH4yRBPH2pDUjPeqomx8CTQ,てるとくん,165,https://virtual-youtuber.userlocal.jp/user/93A085B558B01B20_59fb43,https://www.youtube.com/channel/UCH4yRBPH2pDUjPeqomx8CTQ
165,UCHXgFLFyqR-XqtxfTH3qiYA,ディープブリザード(深雪),166,https://virtual-youtuber.userlocal.jp/user/0BBA72CB8E0A1643_86d24e,https://www.youtube.com/channel/UCHXgFLFyqR-XqtxfTH3qiYA
166,UC2jBqh7fCEPuTdpwKmxHvjA,馬越健太郎,167,https://virtual-youtuber.userlocal.jp/user/C907120C94E2BA98_3236ef,https://www.youtube.com/channel/UC2jBqh7fCEPuTdpwKmxHvjA
167,UCLXxry0HqEz_mzHSsXwrhYg,海月ねう(みつきねう),168,https://virtual-youtuber.userlocal.jp/user/F4E0F4F1F84C5AF5_b6549f,https://www.youtube.com/channel/UCLXxry0HqEz_mzHSsXwrhYg
168,UCstBOFri42BL70MswRQG3uw,梔子スイ,169,https://virtual-youtuber.userlocal.jp/user/Yuu459zetubou_d8e8da,https://www.youtube.com/channel/UCstBOFri42BL70MswRQG3uw
169,UCsHPU3d5yjMvsYDX9ypLKJQ,松村上久郎,170,https://virtual-youtuber.userlocal.jp/user/45B8CD07EC9A2792_aa3e41,https://www.youtube.com/channel/UCsHPU3d5yjMvsYDX9ypLKJQ
170,UCVFpIqGoTmFaoMmyFPRYrKA,水科葵(みずしなあおい),171,https://virtual-youtuber.userlocal.jp/user/37DB7422782523AA_d4e2d5,https://www.youtube.com/channel/UCVFpIqGoTmFaoMmyFPRYrKA
171,UCctWfjgLUh1yt-Wdz6W4yFQ,ミソシタ,172,https://virtual-youtuber.userlocal.jp/user/4204FEC76393227E_6a77a4,https://www.youtube.com/channel/UCctWfjgLUh1yt-Wdz6W4yFQ
172,UC7IyAJq03ohb0TpGqsFfPng,つのはねあかぎ,173,https://virtual-youtuber.userlocal.jp/user/247F843260B0F5EF_480f91,https://www.youtube.com/channel/UC7IyAJq03ohb0TpGqsFfPng
173,UCy7CLsD5z0l3Q8OzsxZRwOQ,バーチャルグランドマザー小林幸子,174,https://virtual-youtuber.userlocal.jp/user/28BF7714863819A3_aacd6a,https://www.youtube.com/channel/UCy7CLsD5z0l3Q8OzsxZRwOQ
174,UCZ6AXSKWO2AIi5RkSRlPP2A,滓残,175,https://virtual-youtuber.userlocal.jp/user/AE122F9A039D64D7_c2ee1b,https://www.youtube.com/channel/UCZ6AXSKWO2AIi5RkSRlPP2A
175,UC5WJgKelM1YO3AsXtR-t4SQ,おさナズナ,176,https://virtual-youtuber.userlocal.jp/user/6AAF956361D9BC59_e4ecb4,https://www.youtube.com/channel/UC5WJgKelM1YO3AsXtR-t4SQ
176,UC0z5fC5q8H4ml6ZKSdCqrng,ASMR 両性天使Vtuber めてろん,177,https://virtual-youtuber.userlocal.jp/user/A599E6E4A5825908_8188a7,https://www.youtube.com/channel/UC0z5fC5q8H4ml6ZKSdCqrng
177,UCuPrcSmgo6twlAQzwYPlSkQ,ノート竹花,178,https://virtual-youtuber.userlocal.jp/user/F876812927A55460_68bf8c,https://www.youtube.com/channel/UCuPrcSmgo6twlAQzwYPlSkQ
178,UChMdjS7K4yDdrQDwKrIKyIw,みゅみゅ,179,https://virtual-youtuber.userlocal.jp/user/77D16403A25D72C6_b9e06c,https://www.youtube.com/channel/UChMdjS7K4yDdrQDwKrIKyIw
179,UCLpYMk5h1bq8_GAFVBgXhPQ,出雲霞,180,https://virtual-youtuber.userlocal.jp/user/CDC7A3E3229EE8F6_3f014b,https://www.youtube.com/channel/UCLpYMk5h1bq8_GAFVBgXhPQ
180,UC9EjSJ8pvxtvPdxLOElv73w,魔界ノりりむ,181,https://virtual-youtuber.userlocal.jp/user/3BFAFAA5F5B073B4_16cc5b,https://www.youtube.com/channel/UC9EjSJ8pvxtvPdxLOElv73w
181,UC2kyQhzGOB-JPgcQX9OMgEw,宗谷いちか,182,https://virtual-youtuber.userlocal.jp/user/EAD3EDB19B98CFC9_0e11af,https://www.youtube.com/channel/UC2kyQhzGOB-JPgcQX9OMgEw
182,UCg8q6vRYGoQ9TxZR5ARv3mA,彩撮モラ(いろどりもら),183,https://virtual-youtuber.userlocal.jp/user/757979B5455FE9B2_eda62b,https://www.youtube.com/channel/UCg8q6vRYGoQ9TxZR5ARv3mA
183,UCsA8nM8e5--IdeRaxZwTWHg,赤月ゆに,184,https://virtual-youtuber.userlocal.jp/user/C38F1B6542C885F6_85cd06,https://www.youtube.com/channel/UCsA8nM8e5--IdeRaxZwTWHg
184,UCRvpMpzAXBRKJQuk-8-Sdvg,日ノ隈らん,185,https://virtual-youtuber.userlocal.jp/user/7CB1D03EE7E8E336_5dcaee,https://www.youtube.com/channel/UCRvpMpzAXBRKJQuk-8-Sdvg
185,UCDh2bWI5EDu7PavqwICkVpA,堰代ミコ,186,https://virtual-youtuber.userlocal.jp/user/A859E615DA009298_bd7651,https://www.youtube.com/channel/UCDh2bWI5EDu7PavqwICkVpA
186,UCnDZwUFMzqOBcF3bjRfZD-g,根羽清ココロ,187,https://virtual-youtuber.userlocal.jp/user/D265A882ED0D144C_d3f682,https://www.youtube.com/channel/UCnDZwUFMzqOBcF3bjRfZD-g
187,UCyG7hwRLEfHLiK4lPt5g3vw,シラクサアーカイブス,188,https://virtual-youtuber.userlocal.jp/user/67878A97BE6E128B_58d7de,https://www.youtube.com/channel/UCyG7hwRLEfHLiK4lPt5g3vw
188,UCFaDvgez8USXHiKidt0NtZg,八朔ゆず,189,https://virtual-youtuber.userlocal.jp/user/8BFB33E9BB4E4148_a4573e,https://www.youtube.com/channel/UCFaDvgez8USXHiKidt0NtZg
189,,どっとライブ,190,https://virtual-youtuber.userlocal.jp/user/BDA9F5F29815A928_b14f2e,
190,UCT1AQFit-Eaj_YQMsfV0RhQ,銀河アリス,191,https://virtual-youtuber.userlocal.jp/user/E7F51E784A65470F_f44322,https://www.youtube.com/channel/UCT1AQFit-Eaj_YQMsfV0RhQ
191,UCODNLyn3L83wEmC0DLL0cxA,朝ノ姉妹ぷろじぇくと,192,https://virtual-youtuber.userlocal.jp/user/C5DFB17682EEF343_a307ce,https://www.youtube.com/channel/UCODNLyn3L83wEmC0DLL0cxA
192,UCQ0UDLQCjY0rmuxCDE38FGg,夏色まつり,193,https://virtual-youtuber.userlocal.jp/user/6EF142E2238D3AA2_27e73c,https://www.youtube.com/channel/UCQ0UDLQCjY0rmuxCDE38FGg
193,UCEMhjQ_NsPM0TDwnyQpuYyw,超絶最強天才美少女ハネたん,194,https://virtual-youtuber.userlocal.jp/user/124F473C977313DF_dc284d,https://www.youtube.com/channel/UCEMhjQ_NsPM0TDwnyQpuYyw
194,UCDA4f1tItU3RaZgYxMInz4w,霊電カスカ,195,https://virtual-youtuber.userlocal.jp/user/FC290114BAC4610E_4e2d82,https://www.youtube.com/channel/UCDA4f1tItU3RaZgYxMInz4w
195,UC6s0wLR0TZauzTVoGGw2r6g,虎妮(海外),196,https://virtual-youtuber.userlocal.jp/user/FD60410A1884EC95_065b97,https://www.youtube.com/channel/UC6s0wLR0TZauzTVoGGw2r6g
196,UCQG5eRfno9f2rptcM6srQZA,いるはーと,197,https://virtual-youtuber.userlocal.jp/user/474103579065BA08_763bcc,https://www.youtube.com/channel/UCQG5eRfno9f2rptcM6srQZA
197,UCVbTY60cxU22hzyetbt5lMA,マリーちゃんのチャンネル,198,https://virtual-youtuber.userlocal.jp/user/0B920EBC9F1FE520_c5ec0c,https://www.youtube.com/channel/UCVbTY60cxU22hzyetbt5lMA
198,UCwIW1tObQTz5TX4j5NEntqg,さょちゃん,199,https://virtual-youtuber.userlocal.jp/user/A25A451A57880335_0a8bc9,https://www.youtube.com/channel/UCwIW1tObQTz5TX4j5NEntqg
199,UCD8HOxPs4Xvsm8H0ZxXGiBw,夜空メル,200,https://virtual-youtuber.userlocal.jp/user/0D75935167035F5A_0c0124,https://www.youtube.com/channel/UCD8HOxPs4Xvsm8H0ZxXGiBw
